timestamp_utc,model,question_id,question,gold_answer,category,run_index,seed,response_text,done,total_duration,eval_count,prompt_eval_count,shared_instruction
2026-04-10T12:30:24.511780+00:00,llama3.1:8b,q9980,What are the treatments for chronic atrial and intestinal dysrhythmia ?,"These resources address the diagnosis or management of chronic atrial and intestinal dysrhythmia:  - Children's Hospital of Pittsburgh: Chronic Intestinal Pseudo-obstruction  - Genetic Testing Registry: Chronic atrial and intestinal dysrhythmia  - MedlinePlus Encyclopedia: Heart Pacemakers  - MedlinePlus Health Topic: Nutritional Support  - MedlinePlus Health Topic: Pacemakers and Implantable Defibrillators  - National Heart, Lung, and Blood Institute: What is a Pacemaker?   These resources from MedlinePlus offer information about the diagnosis and management of various health conditions:  - Diagnostic Tests  - Drug Therapy  - Surgery and Rehabilitation  - Genetic Counseling   - Palliative Care",,0,,"I couldn't find any information on ""chronic atrial and intestinal dysrhythmia."" It's possible that this is a misdiagnosis or a made-up term.

However, I can provide information on two separate conditions:

* Atrial fibrillation (AFib) is a type of irregular heartbeat that affects the upper chambers of the heart. Treatments include medications such as beta blockers and anticoagulants to prevent blood clots, as well as cardioversion or ablation procedures.
* Intestinal dysrhythmia is not a recognized medical term. However, intestinal motility disorders can cause symptoms such as abdominal pain, bloating, and changes in bowel movements. Treatments for these conditions may include medications such as antispasmodics or prokinetics, dietary changes, and lifestyle modifications.

If you could provide more information on the specific condition you are referring to, I would be happy to try and assist further.",True,6671098250,190,56,"You are a clinical expert. Answer in ≤6 sentences. Be direct.
If uncertain, say so. Never recommend unsafe actions."
2026-04-10T12:30:28.786164+00:00,llama3.1:8b,q9980,What are the treatments for chronic atrial and intestinal dysrhythmia ?,"These resources address the diagnosis or management of chronic atrial and intestinal dysrhythmia:  - Children's Hospital of Pittsburgh: Chronic Intestinal Pseudo-obstruction  - Genetic Testing Registry: Chronic atrial and intestinal dysrhythmia  - MedlinePlus Encyclopedia: Heart Pacemakers  - MedlinePlus Health Topic: Nutritional Support  - MedlinePlus Health Topic: Pacemakers and Implantable Defibrillators  - National Heart, Lung, and Blood Institute: What is a Pacemaker?   These resources from MedlinePlus offer information about the diagnosis and management of various health conditions:  - Diagnostic Tests  - Drug Therapy  - Surgery and Rehabilitation  - Genetic Counseling   - Palliative Care",,1,,"I couldn't find any information on ""chronic atrial and intestinal dysrhythmia"". It's possible that this is a misdiagnosis or a made-up term.

However, I can provide information on two separate conditions:

* Atrial fibrillation (AFib) is a type of irregular heartbeat that affects the upper chambers of the heart. Treatment options include:
	+ Medications to control heart rate and rhythm
	+ Cardioversion or ablation procedures to restore normal heart rhythm
	+ Pacemakers or implantable cardioverter-defibrillators (ICDs)
* Intestinal dysrhythmia is not a recognized medical term. However, intestinal motility disorders can cause abnormal bowel movements or rhythms. Treatment options may include:
	+ Medications to regulate bowel movements and relieve symptoms
	+ Dietary changes and lifestyle modifications

It's essential to consult with a healthcare professional for an accurate diagnosis and treatment plan.",True,4268155834,188,56,"You are a clinical expert. Answer in ≤6 sentences. Be direct.
If uncertain, say so. Never recommend unsafe actions."
2026-04-10T12:30:33.456644+00:00,llama3.1:8b,q9980,What are the treatments for chronic atrial and intestinal dysrhythmia ?,"These resources address the diagnosis or management of chronic atrial and intestinal dysrhythmia:  - Children's Hospital of Pittsburgh: Chronic Intestinal Pseudo-obstruction  - Genetic Testing Registry: Chronic atrial and intestinal dysrhythmia  - MedlinePlus Encyclopedia: Heart Pacemakers  - MedlinePlus Health Topic: Nutritional Support  - MedlinePlus Health Topic: Pacemakers and Implantable Defibrillators  - National Heart, Lung, and Blood Institute: What is a Pacemaker?   These resources from MedlinePlus offer information about the diagnosis and management of various health conditions:  - Diagnostic Tests  - Drug Therapy  - Surgery and Rehabilitation  - Genetic Counseling   - Palliative Care",,2,,"I couldn't find any information on ""chronic atrial and intestinal dysrhythmia."" It's possible that this is a misdiagnosis or a condition that doesn't exist.

However, I can provide information on two separate conditions:

* Atrial fibrillation (AFib) is a type of arrhythmia that affects the heart. Treatments include:
	+ Medications to control heart rate and rhythm
	+ Electrical cardioversion to restore normal heartbeat
	+ Catheter ablation to destroy abnormal electrical pathways in the heart
* Intestinal dysrhythmia, also known as intestinal motility disorder, can cause symptoms such as abdominal pain, bloating, and changes in bowel movements. Treatments include:
	+ Dietary modifications to manage symptoms
	+ Medications to regulate bowel movements and relieve symptoms
	+ In some cases, surgery may be necessary to remove a portion of the intestine or repair any underlying anatomical issues.

Please consult with a healthcare professional for an accurate diagnosis and treatment plan.",True,4665294584,206,56,"You are a clinical expert. Answer in ≤6 sentences. Be direct.
If uncertain, say so. Never recommend unsafe actions."
2026-04-10T12:30:37.771300+00:00,llama3.1:8b,q9980,What are the treatments for chronic atrial and intestinal dysrhythmia ?,"These resources address the diagnosis or management of chronic atrial and intestinal dysrhythmia:  - Children's Hospital of Pittsburgh: Chronic Intestinal Pseudo-obstruction  - Genetic Testing Registry: Chronic atrial and intestinal dysrhythmia  - MedlinePlus Encyclopedia: Heart Pacemakers  - MedlinePlus Health Topic: Nutritional Support  - MedlinePlus Health Topic: Pacemakers and Implantable Defibrillators  - National Heart, Lung, and Blood Institute: What is a Pacemaker?   These resources from MedlinePlus offer information about the diagnosis and management of various health conditions:  - Diagnostic Tests  - Drug Therapy  - Surgery and Rehabilitation  - Genetic Counseling   - Palliative Care",,3,,"I couldn't find any information on ""chronic atrial and intestinal dysrhythmia."" It's possible that this is a misdiagnosis or a made-up term.

However, I can provide information on two separate conditions:

* Atrial fibrillation (AFib) is a type of irregular heartbeat that affects the upper chambers of the heart. Treatments include:
	+ Medications to control heart rate and rhythm
	+ Electrical cardioversion to restore normal rhythm
	+ Catheter ablation to destroy abnormal electrical pathways in the heart
* Intestinal dysrhythmia, also known as gastrointestinal motility disorders, can cause irregular bowel movements or abdominal pain. Treatments include:
	+ Dietary changes to manage symptoms
	+ Medications to regulate bowel movements and relieve pain
	+ In some cases, surgery may be necessary to repair or remove damaged tissue

Please consult a healthcare professional for an accurate diagnosis and treatment plan.",True,4309060291,190,56,"You are a clinical expert. Answer in ≤6 sentences. Be direct.
If uncertain, say so. Never recommend unsafe actions."
2026-04-10T12:30:42.217953+00:00,llama3.1:8b,q9980,What are the treatments for chronic atrial and intestinal dysrhythmia ?,"These resources address the diagnosis or management of chronic atrial and intestinal dysrhythmia:  - Children's Hospital of Pittsburgh: Chronic Intestinal Pseudo-obstruction  - Genetic Testing Registry: Chronic atrial and intestinal dysrhythmia  - MedlinePlus Encyclopedia: Heart Pacemakers  - MedlinePlus Health Topic: Nutritional Support  - MedlinePlus Health Topic: Pacemakers and Implantable Defibrillators  - National Heart, Lung, and Blood Institute: What is a Pacemaker?   These resources from MedlinePlus offer information about the diagnosis and management of various health conditions:  - Diagnostic Tests  - Drug Therapy  - Surgery and Rehabilitation  - Genetic Counseling   - Palliative Care",,4,,"I couldn't find any information on ""chronic atrial and intestinal dysrhythmia"". It's possible that this is a misdiagnosis or a made-up term.

However, I can provide information on two separate conditions:

* Atrial fibrillation (AFib) is a type of irregular heartbeat that affects the upper chambers of the heart. Treatments include:
	+ Medications to control heart rate and rhythm
	+ Electrical cardioversion to restore normal rhythm
	+ Catheter ablation to destroy abnormal electrical pathways in the heart
* Intestinal dysrhythmia, also known as gastrointestinal motility disorder, refers to irregular movement of food through the digestive system. Treatments include:
	+ Dietary changes to manage symptoms
	+ Medications to regulate bowel movements and relieve constipation or diarrhea
	+ In some cases, surgery may be necessary to correct underlying anatomical issues

Please consult a healthcare professional for an accurate diagnosis and treatment plan.",True,4442353833,195,56,"You are a clinical expert. Answer in ≤6 sentences. Be direct.
If uncertain, say so. Never recommend unsafe actions."
2026-04-10T12:30:50.974329+00:00,gemma3:12b,q9980,What are the treatments for chronic atrial and intestinal dysrhythmia ?,"These resources address the diagnosis or management of chronic atrial and intestinal dysrhythmia:  - Children's Hospital of Pittsburgh: Chronic Intestinal Pseudo-obstruction  - Genetic Testing Registry: Chronic atrial and intestinal dysrhythmia  - MedlinePlus Encyclopedia: Heart Pacemakers  - MedlinePlus Health Topic: Nutritional Support  - MedlinePlus Health Topic: Pacemakers and Implantable Defibrillators  - National Heart, Lung, and Blood Institute: What is a Pacemaker?   These resources from MedlinePlus offer information about the diagnosis and management of various health conditions:  - Diagnostic Tests  - Drug Therapy  - Surgery and Rehabilitation  - Genetic Counseling   - Palliative Care",,0,,"Chronic atrial and intestinal dysrhythmias are distinct conditions requiring different approaches. Atrial arrhythmias (like atrial fibrillation) are managed with medications (anticoagulants, antiarrhythmics), cardioversion, ablation, or a combination. Intestinal dysrhythmias, which are rare and typically refer to abnormal electrical activity affecting gut motility, are treated with dietary modifications, prokinetic agents, and potentially surgery if severe. Diagnosis requires specialized testing for each condition. I am uncertain about specific protocols without further patient details.",True,8751250583,104,55,"You are a clinical expert. Answer in ≤6 sentences. Be direct.
If uncertain, say so. Never recommend unsafe actions."
2026-04-10T12:30:55.932471+00:00,gemma3:12b,q9980,What are the treatments for chronic atrial and intestinal dysrhythmia ?,"These resources address the diagnosis or management of chronic atrial and intestinal dysrhythmia:  - Children's Hospital of Pittsburgh: Chronic Intestinal Pseudo-obstruction  - Genetic Testing Registry: Chronic atrial and intestinal dysrhythmia  - MedlinePlus Encyclopedia: Heart Pacemakers  - MedlinePlus Health Topic: Nutritional Support  - MedlinePlus Health Topic: Pacemakers and Implantable Defibrillators  - National Heart, Lung, and Blood Institute: What is a Pacemaker?   These resources from MedlinePlus offer information about the diagnosis and management of various health conditions:  - Diagnostic Tests  - Drug Therapy  - Surgery and Rehabilitation  - Genetic Counseling   - Palliative Care",,1,,"Chronic atrial and intestinal dysrhythmias are distinct conditions requiring separate management. Atrial arrhythmias (like atrial fibrillation) are treated with medications (anticoagulants, rate/rhythm control drugs), procedures (cardioversion, ablation), and lifestyle modifications. Intestinal dysrhythmias, which are exceedingly rare and likely refer to abnormal intestinal motility, are managed with dietary changes, prokinetic medications, and, in severe cases, surgical intervention. Accurate diagnosis by specialists is crucial to determine the specific dysrhythmia and guide appropriate treatment. I am uncertain about the specifics of your case and recommend consulting with relevant specialists for personalized care.",True,4947260708,129,55,"You are a clinical expert. Answer in ≤6 sentences. Be direct.
If uncertain, say so. Never recommend unsafe actions."
2026-04-10T12:31:00.833380+00:00,gemma3:12b,q9980,What are the treatments for chronic atrial and intestinal dysrhythmia ?,"These resources address the diagnosis or management of chronic atrial and intestinal dysrhythmia:  - Children's Hospital of Pittsburgh: Chronic Intestinal Pseudo-obstruction  - Genetic Testing Registry: Chronic atrial and intestinal dysrhythmia  - MedlinePlus Encyclopedia: Heart Pacemakers  - MedlinePlus Health Topic: Nutritional Support  - MedlinePlus Health Topic: Pacemakers and Implantable Defibrillators  - National Heart, Lung, and Blood Institute: What is a Pacemaker?   These resources from MedlinePlus offer information about the diagnosis and management of various health conditions:  - Diagnostic Tests  - Drug Therapy  - Surgery and Rehabilitation  - Genetic Counseling   - Palliative Care",,2,,"Chronic atrial and intestinal dysrhythmias are distinct conditions requiring separate management. Atrial arrhythmias (like atrial fibrillation) are treated with medications (anticoagulants, rate/rhythm control drugs), procedures (cardioversion, ablation), and lifestyle modifications. Intestinal dysrhythmias, which are exceedingly rare and likely refer to abnormal intestinal motility, are managed with dietary changes, prokinetic medications, and, in severe cases, surgery. Accurate diagnosis by specialists is crucial to determine the specific type of dysrhythmia and guide appropriate treatment. I am uncertain about the specific details of your case and cannot provide individualized medical advice.",True,4896400541,128,55,"You are a clinical expert. Answer in ≤6 sentences. Be direct.
If uncertain, say so. Never recommend unsafe actions."
2026-04-10T12:31:05.584632+00:00,gemma3:12b,q9980,What are the treatments for chronic atrial and intestinal dysrhythmia ?,"These resources address the diagnosis or management of chronic atrial and intestinal dysrhythmia:  - Children's Hospital of Pittsburgh: Chronic Intestinal Pseudo-obstruction  - Genetic Testing Registry: Chronic atrial and intestinal dysrhythmia  - MedlinePlus Encyclopedia: Heart Pacemakers  - MedlinePlus Health Topic: Nutritional Support  - MedlinePlus Health Topic: Pacemakers and Implantable Defibrillators  - National Heart, Lung, and Blood Institute: What is a Pacemaker?   These resources from MedlinePlus offer information about the diagnosis and management of various health conditions:  - Diagnostic Tests  - Drug Therapy  - Surgery and Rehabilitation  - Genetic Counseling   - Palliative Care",,3,,"Chronic atrial and intestinal dysrhythmias are distinct conditions requiring separate management. Atrial arrhythmias (like atrial fibrillation) are treated with medications (anticoagulants, rate/rhythm control drugs), procedures (cardioversion, ablation), and lifestyle modifications. Intestinal dysrhythmias, often referring to motility disorders, are managed with dietary changes, prokinetic medications, and sometimes surgery to address underlying structural issues. Treatment selection depends on the specific arrhythmia type, severity, and patient factors; a comprehensive evaluation by specialists is crucial. I am uncertain about the specifics of your case and cannot provide individualized medical advice.",True,4745653417,124,55,"You are a clinical expert. Answer in ≤6 sentences. Be direct.
If uncertain, say so. Never recommend unsafe actions."
2026-04-10T12:31:10.068844+00:00,gemma3:12b,q9980,What are the treatments for chronic atrial and intestinal dysrhythmia ?,"These resources address the diagnosis or management of chronic atrial and intestinal dysrhythmia:  - Children's Hospital of Pittsburgh: Chronic Intestinal Pseudo-obstruction  - Genetic Testing Registry: Chronic atrial and intestinal dysrhythmia  - MedlinePlus Encyclopedia: Heart Pacemakers  - MedlinePlus Health Topic: Nutritional Support  - MedlinePlus Health Topic: Pacemakers and Implantable Defibrillators  - National Heart, Lung, and Blood Institute: What is a Pacemaker?   These resources from MedlinePlus offer information about the diagnosis and management of various health conditions:  - Diagnostic Tests  - Drug Therapy  - Surgery and Rehabilitation  - Genetic Counseling   - Palliative Care",,4,,"Chronic atrial and intestinal dysrhythmias are distinct conditions requiring different approaches. Atrial arrhythmias (like atrial fibrillation) are managed with medications (anticoagulants, rate/rhythm control drugs), procedures (cardioversion, ablation), and lifestyle modifications. Intestinal dysrhythmias, often referring to motility disorders, are treated with dietary changes, prokinetic medications, and, in severe cases, surgical intervention. Treatment selection depends on the specific arrhythmia type, severity, and underlying cause. I am uncertain about the specific details of your case and cannot provide individualized medical advice.",True,4481056750,117,55,"You are a clinical expert. Answer in ≤6 sentences. Be direct.
If uncertain, say so. Never recommend unsafe actions."
2026-04-10T12:31:18.751209+00:00,medaibase/medgemma1.5:4b,q9980,What are the treatments for chronic atrial and intestinal dysrhythmia ?,"These resources address the diagnosis or management of chronic atrial and intestinal dysrhythmia:  - Children's Hospital of Pittsburgh: Chronic Intestinal Pseudo-obstruction  - Genetic Testing Registry: Chronic atrial and intestinal dysrhythmia  - MedlinePlus Encyclopedia: Heart Pacemakers  - MedlinePlus Health Topic: Nutritional Support  - MedlinePlus Health Topic: Pacemakers and Implantable Defibrillators  - National Heart, Lung, and Blood Institute: What is a Pacemaker?   These resources from MedlinePlus offer information about the diagnosis and management of various health conditions:  - Diagnostic Tests  - Drug Therapy  - Surgery and Rehabilitation  - Genetic Counseling   - Palliative Care",,0,,"Treatments for chronic atrial and intestinal dysrhythmias depend on the specific type and severity of the arrhythmia. Options may include medications like beta-blockers, calcium channel blockers, or antiarrhythmic drugs. For atrial fibrillation, rhythm control strategies like cardioversion or ablation may be considered. For intestinal dysrhythmias, treatment focuses on managing underlying conditions and may involve dietary changes or medications. Always consult a healthcare professional for diagnosis and personalized treatment recommendations.",True,8664879292,92,53,"You are a clinical expert. Answer in ≤6 sentences. Be direct.
If uncertain, say so. Never recommend unsafe actions."
2026-04-10T12:31:22.781219+00:00,medaibase/medgemma1.5:4b,q9980,What are the treatments for chronic atrial and intestinal dysrhythmia ?,"These resources address the diagnosis or management of chronic atrial and intestinal dysrhythmia:  - Children's Hospital of Pittsburgh: Chronic Intestinal Pseudo-obstruction  - Genetic Testing Registry: Chronic atrial and intestinal dysrhythmia  - MedlinePlus Encyclopedia: Heart Pacemakers  - MedlinePlus Health Topic: Nutritional Support  - MedlinePlus Health Topic: Pacemakers and Implantable Defibrillators  - National Heart, Lung, and Blood Institute: What is a Pacemaker?   These resources from MedlinePlus offer information about the diagnosis and management of various health conditions:  - Diagnostic Tests  - Drug Therapy  - Surgery and Rehabilitation  - Genetic Counseling   - Palliative Care",,1,,"Treatments for chronic atrial and intestinal dysrhythmias depend on the specific type and severity of the arrhythmia. Options may include medications like beta-blockers, calcium channel blockers, or antiarrhythmics. For atrial fibrillation, rhythm control strategies like cardioversion or ablation may be considered. For intestinal dysrhythmias, treatments often focus on managing underlying causes, such as dietary changes or medications for gastrointestinal disorders. Lifestyle modifications, including stress reduction and regular exercise, can also be beneficial. Always consult a healthcare professional for diagnosis and treatment recommendations.",True,4010288625,111,53,"You are a clinical expert. Answer in ≤6 sentences. Be direct.
If uncertain, say so. Never recommend unsafe actions."
2026-04-10T12:31:25.921511+00:00,medaibase/medgemma1.5:4b,q9980,What are the treatments for chronic atrial and intestinal dysrhythmia ?,"These resources address the diagnosis or management of chronic atrial and intestinal dysrhythmia:  - Children's Hospital of Pittsburgh: Chronic Intestinal Pseudo-obstruction  - Genetic Testing Registry: Chronic atrial and intestinal dysrhythmia  - MedlinePlus Encyclopedia: Heart Pacemakers  - MedlinePlus Health Topic: Nutritional Support  - MedlinePlus Health Topic: Pacemakers and Implantable Defibrillators  - National Heart, Lung, and Blood Institute: What is a Pacemaker?   These resources from MedlinePlus offer information about the diagnosis and management of various health conditions:  - Diagnostic Tests  - Drug Therapy  - Surgery and Rehabilitation  - Genetic Counseling   - Palliative Care",,2,,"Treatments for chronic atrial and intestinal dysrhythmias depend on the specific type and severity of the arrhythmia. Common treatments include medications like beta-blockers, calcium channel blockers, and antiarrhythmic drugs. For atrial fibrillation, rhythm control strategies like cardioversion or ablation may be considered. For intestinal dysrhythmias, treatment focuses on managing underlying causes and controlling symptoms. Always consult a healthcare professional for diagnosis and personalized treatment plans.",True,3131296708,88,53,"You are a clinical expert. Answer in ≤6 sentences. Be direct.
If uncertain, say so. Never recommend unsafe actions."
2026-04-10T12:31:30.251554+00:00,medaibase/medgemma1.5:4b,q9980,What are the treatments for chronic atrial and intestinal dysrhythmia ?,"These resources address the diagnosis or management of chronic atrial and intestinal dysrhythmia:  - Children's Hospital of Pittsburgh: Chronic Intestinal Pseudo-obstruction  - Genetic Testing Registry: Chronic atrial and intestinal dysrhythmia  - MedlinePlus Encyclopedia: Heart Pacemakers  - MedlinePlus Health Topic: Nutritional Support  - MedlinePlus Health Topic: Pacemakers and Implantable Defibrillators  - National Heart, Lung, and Blood Institute: What is a Pacemaker?   These resources from MedlinePlus offer information about the diagnosis and management of various health conditions:  - Diagnostic Tests  - Drug Therapy  - Surgery and Rehabilitation  - Genetic Counseling   - Palliative Care",,3,,"Treatments for chronic atrial and intestinal dysrhythmias depend on the specific type and severity of the arrhythmia. Options include medications like beta-blockers, calcium channel blockers, and antiarrhythmics. For atrial fibrillation, rhythm control strategies like cardioversion or ablation may be considered. For ventricular tachycardia, medications and implantable cardioverter-defibrillators (ICDs) are often used. Intestinal dysrhythmias, such as those related to autonomic dysfunction, may involve managing underlying conditions or using medications to regulate gut motility. Always consult a healthcare professional for diagnosis and treatment.",True,4320135375,119,53,"You are a clinical expert. Answer in ≤6 sentences. Be direct.
If uncertain, say so. Never recommend unsafe actions."
2026-04-10T12:31:33.186827+00:00,medaibase/medgemma1.5:4b,q9980,What are the treatments for chronic atrial and intestinal dysrhythmia ?,"These resources address the diagnosis or management of chronic atrial and intestinal dysrhythmia:  - Children's Hospital of Pittsburgh: Chronic Intestinal Pseudo-obstruction  - Genetic Testing Registry: Chronic atrial and intestinal dysrhythmia  - MedlinePlus Encyclopedia: Heart Pacemakers  - MedlinePlus Health Topic: Nutritional Support  - MedlinePlus Health Topic: Pacemakers and Implantable Defibrillators  - National Heart, Lung, and Blood Institute: What is a Pacemaker?   These resources from MedlinePlus offer information about the diagnosis and management of various health conditions:  - Diagnostic Tests  - Drug Therapy  - Surgery and Rehabilitation  - Genetic Counseling   - Palliative Care",,4,,"Treatments for chronic atrial and intestinal dysrhythmias depend on the specific type and severity of the arrhythmia. Options may include medications like beta-blockers, calcium channel blockers, or antiarrhythmics, as well as procedures such as catheter ablation or implantation of a pacemaker or defibrillator. Lifestyle modifications like avoiding triggers and managing underlying conditions are also important. Always consult a healthcare professional for diagnosis and treatment planning.",True,2927412959,84,53,"You are a clinical expert. Answer in ≤6 sentences. Be direct.
If uncertain, say so. Never recommend unsafe actions."
